ID;ID;name;adress;coordinate;functional_zone;landuse;land_size;area;building_area;land_area;year_of_commissioning;year_of_termination;new_feature;new_feature_2;capacity;project_type;architectural_style;technical_condition;decoration;material;communications;link ;k1_1;k1_2;k1_3;k1_4;k1_5;k1_6;k1_7 ;k1_8;k1_9;k2_1 ;k2_2 ;k2_3 ;k2_4;k2_5;k2_6 ;k2_7 ;k2_8 ;k2_9;k3_1 ;k3_2;k3_3 ;k3_4;k3_5;k3_6 ;k4_1;k4_2;k4_3 ;k4_4;k4_5;k4_6;k4_7;k4_8;k4_9;k4_10;k4_11;k4_12;k4_13;k4_14;k4_15;k4_16;k4_17;i_1;i_2;i_3;i_4;I;potential;;
4;1;Школа № 112 Выборгского района ;г. Санкт-Петербург, проспект Пархоменко, дом 13, литера А;59.999701, 30.335748;ОД;;8298;3416,8;1330,5;844;1935;2009;административная;Налоговая инспекция Выборгского района;880;"Институт ""Ленпроект"", 6 мастерская, Троцкий Н. А., Мартынов А. С.";Сталинский неоклассицзим;Исправное;Нет;Кирпич, дерево, металл;Подключено;https://www.citywalls.ru/house11505.html;0;1;1;1;1;1;1;1;0;1;1;1;0;1;1;1;1;1;1;1;1;1;1;1;1;1;1;1;0;0;0;0;1;1;1;1;1;1;1;1;1;0,777777778;0,888888889;1;0,764705882;3,43;высокий;;
61;2;Школа N655;г. Санкт-Петербург, Крупской ул., 9;59.891105, 30.434320;Ж;ЗРЗ;4780;3336;834;397;1935;2010;административная;Здание мировых судей;440;Типовой проект Суслова О.В., Модзалевский А.В.;Сталинский неоклассицзим;Исправное;Нет;Кирпич, железобетон, металл;Подключено;https://www.citywalls.ru/house2841.html;0;1;1;1;1;1;1;1;0;1;1;1;0;1;1;1;1;1;1;1;1;1;1;1;1;1;1;1;1;0;1;0;1;1;0;0;0;1;1;1;0;0,777777778;0,888888889;1;0,647058824;3,31;высокий;;
52;3;Школа;г. Санкт-Петербург, Крестовский пр,  18А;59.968763, 30.261089;Д;ОЗРЗ-2;17119;3916;979;648;1938;1941;социальная;Больница;880;Типовой проект, тип ШБ, арх-ры Асс Л. Е., Гинцберг А. С;Сталинский неоклассицзим;Исправное;Да;Кирпич, дерево;Подключено;https://www.citywalls.ru/house18877.html;0;1;1;1;1;1;1;1;1;1;1;1;0;1;1;0;0;1;1;1;1;1;1;1;1;1;1;1;1;1;0;1;0;0;0;1;0;1;1;1;1;0,888888889;0,666666667;1;0,705882353;3,26;высокий;;
38;4;Школа;г. Санкт-Петербург, Лабораторная ул., 13;59.975036, 30.385550;Д;;12978;8493;2831;2876;1934;1992;административная;Центр МЧС;1600;Ленпроект, Печенев В.И.;;Работоспособное;Нет;Кирпич, железобетон, металл;Подключено;https://www.citywalls.ru/photo698725.html;0;0;0;0;1;1;1;1;0;0;1;1;1;1;1;1;1;1;1;1;1;1;1;1;1;1;1;0;1;1;1;0;1;1;1;0;0;1;1;1;1;0,444444444;0,888888889;1;0,764705882;3,10;высокий;;
47;5;Школа;г. Санкт-Петербург, ул. Седова,  54к3;59.887124, 30.425741;Ж;ЗРЗ;8459;3932;983;1864;1937;1988;административная;Центр инзоляции для несовершенолетних;440;Типовой проект, тип ШБ, арх-ры Асс Л. Е., Гинцберг А. С;Сталинский неоклассицзим;Исправное;Нет;Кирпич, железобетон, металл;Подключено;https://www.citywalls.ru/house16700.html;0;1;1;1;1;1;0;1;1;1;1;1;1;1;1;1;1;1;1;1;1;1;1;1;1;0;0;1;0;0;0;0;0;1;0;0;0;1;1;0;0;0,777777778;1;1;0,294117647;3,07;высокий;;
8;6;Школа;г. Санкт-Петербург, улица Маршала Говорова, дом 38, литера А;59.892947, 30.279891;ОД;ЗРЗ;6337;7362;2454;1361;1936;2002;административная;Кировский федеральный суд;880;Типовой проект, Гинцберг А.С., Асс Л.Е.;Сталинский неоклассицзим;Исправное;Да;Кирпич, железобетон, металл;Подключено;https://www.citywalls.ru/house14745.html;0;0;0;0;1;1;1;1;0;1;1;1;1;1;1;0;0;1;1;1;1;1;1;1;1;1;1;1;1;1;1;1;0;1;1;0;1;1;1;1;0;0,444444444;0,777777778;1;0,823529412;3,05;высокий;;
1;7;Школа ФЗУ Ленэнерго;Г. Санкт-Петербург, ул. Пугачева, д. 5-7;59.949893, 30.418222;Ж;ОЗРЗ-2;23634;7003;4804;841;1933;1965;производственная;"Центральное производственное ремонтное предприятие (ЦПРП) ""Ленэнерго""";800;Индивидуальный проект;Конструктивизм;Исправное;Да;Кирпич, железобетон, металл;Подключено;https://www.citywalls.ru/house10117.html;0;1;1;1;0;1;1;0;1;1;1;1;0;1;1;1;1;1;1;1;1;1;1;0;1;1;0;1;;1;0;1;0;1;1;1;0;1;1;1;0;0,666666667;0,888888889;0,833333333;0,647058824;3,04;высокий;;
55;8;Школа;г. Санкт-Петербург, Республиканская ул.,16;59.933956, 30.409428;Ж;;992;3968;992;0;1939;1980;административная;Военкомат;880;Типовой проект, тип III, арх-ры Асс Л. Е., Гинцберг А. С;Сталинский неоклассицзим;Исправное;Нет;Кирпич, железобетон, металл;Подключено;https://www.citywalls.ru/house12837.html;0;0;0;0;1;1;1;1;0;1;1;1;0;1;1;1;1;1;1;1;1;1;1;1;1;0;1;1;1;1;0;0;0;1;1;0;0;1;1;1;1;0,444444444;0,888888889;1;0,647058824;2,98;средний;;
54;9;Школа;г. Санкт-Петербург, Минеральная ул., 3;59.966529, 30.381436;Д;;4562;3728;932;0;1939;2009;административная;Управление внутренних дел;440;;Сталинский неоклассицзим;Исправное;Нет;Кирпич, железобетон, металл;Подключено;https://www.citywalls.ru/house14771.html;0;1;1;1;1;1;0;1;1;1;1;1;0;1;1;1;1;1;1;1;1;1;1;1;1;0;1;1;0;0;0;0;0;1;0;0;0;0;1;0;0;0,777777778;0,888888889;1;0,294117647;2,96;средний;;
56;10;Школа N152;г. Санкт-Петербург, Таллинская ул.,7;59.923072, 30.412024;П;;2490;3644;911;0;1940;1970;офисная;Офисный центр;880;Типовой проект, тип III, арх-ры Асс Л. Е., Гинцберг А. С;Сталинский неоклассицзим;Исправное;Нет;Кирпич, железобетон, металл;Подключено;https://www.citywalls.ru/house16924.html;0;0;0;0;0;1;1;0;0;1;1;1;0;0;1;1;1;1;1;1;1;1;1;1;1;1;1;1;1;1;1;0;1;1;1;1;1;1;1;1;1;0,222222222;0,777777778;1;0,941176471;2,94;средний;;
34;11;Школьное здание;г. Санкт-Петербург, пр КИМа, 24;59.952916, 30.244209;ЖЗ;ОЗРЗ-3;2869;3944;986;86;1936;2008;социальная;Центр психолого-медико-социального сопровождения;880;Типовой проект, тип ША, арх-ры Асс Л. Е., Гинцберг А. С;Сталинский неоклассицзим;Исправное;Нет;Кирпич, железобетон, металл;Подключено;https://www.citywalls.ru/house11340.html;0;0;0;0;1;1;1;1;0;1;1;1;0;1;1;0;1;1;1;1;1;1;1;1;1;0;1;1;1;1;1;0;1;1;0;0;0;1;1;1;1;0,444444444;0,777777778;1;0,705882353;2,93;средний;;
24;12;Средняя школа;г. Санкт-Петербург, ул. Тамбовская, 17;59.912531, 30.353382;ЖЗ;ОЗРЗ-2;305;4468;1117;63;1938;2009;административная;Центральный государственный архивнаучно-технической документации;880;Типовой проект, тип ША, арх-ры Асс Л. Е., Гинцберг А. С;Сталинский неоклассицзим;Исправное;Нет;Кирпич, железобетон, дерево;Подключено;https://www.citywalls.ru/house12866.html;0;0;0;0;1;1;1;1;0;1;1;1;1;1;1;1;1;1;1;1;0;1;1;1;1;1;1;1;1;0;0;0;0;1;1;0;0;1;1;1;1;0,444444444;1;0,833333333;0,647058824;2,92;средний;;
63;13;Школа N275;г. Санкт-Петербург, Советский пер., 9;59.912738, 30.309463;Д;ОЗРЗ-1;2855;4080;1020;0;1937;1973;административная;Управление внутренних дел;880;Типовой проект, тип ШБ, арх-ры Асс Л. Е., Гинцберг А. С;Сталинский неоклассицзим;Исправное;Нет;Кирпич, железобетон, металл;Подключено;https://www.citywalls.ru/house3378.html;0;0;0;0;1;1;1;1;0;1;1;1;0;1;1;0;0;1;1;1;1;1;1;1;1;1;1;1;1;0;1;0;1;1;0;1;0;1;1;1;1;0,444444444;0,666666667;1;0,764705882;2,88;средний;;
44;14;Школа N373;г. Санкт-Петербург, ул. Коли Томчака, 15;59.887860, 30.324312;Д;ЗРЗ;6122;4604;1151;4005;1935;2009;административная;Управление пенсионного фонда РФ;880;Типовой проект Троцкий Н.А., Мартынов А.С.;Конструктивизм;Исправное;Да;Кирпич, дерево;Подключено;https://www.citywalls.ru/house8072.html;0;0;0;0;1;1;1;1;0;1;1;1;1;1;1;1;1;1;1;1;0;1;1;1;1;0;1;1;0;0;0;1;0;1;0;0;0;1;1;1;0;0,444444444;1;0,833333333;0,470588235;2,75;средний;;
37;15;Школа;г. Санкт-Петербург, Курчатова ул., 1;60.006557, 30.356939;Д;;13744;2379;793;3158;1935;2020;офисная;Научно-технический центр;440;;Конструктивизм;Работоспособное;Нет;Кирпич, железобетон, металл;Подключено;https://www.citywalls.ru/house16500.html;0;1;1;1;0;1;1;0;1;0;0;0;1;1;1;1;1;1;1;1;1;1;1;1;1;0;1;1;1;0;0;0;0;1;0;0;0;0;1;0;1;0,666666667;0,666666667;1;0,411764706;2,75;средний;;
45;16;Школа N406;г. Санкт-Петербург, Пушкин,  Павловское шоссе, 2;59.711500, 30.412491;Д;;27418;17490;5830;500;1937;1970;административная;Центр подготовки кадров ГУВД;880;;Сталинский неоклассицзим;Исправное;Нет;Кирпич, железобетон, металл;Подключено;https://www.citywalls.ru/house18955.html;0;1;1;1;1;1;1;1;1;1;1;1;0;1;1;0;0;1;1;1;1;1;1;0;1;0;0;1;1;0;0;0;0;1;0;0;0;0;1;0;1;0,888888889;0,666666667;0,833333333;0,352941176;2,74;средний;;
30;17;Школа N112 ;г. Санкт-Петербург, наб. Фонтанки, 134Б;59.916723, 30.298793;ЖЗ;ЗРЗ-1;1396;559;1118;97;1935;2004;административная;Научно-методический центр;400;Фромзель В.М.;Сталинский неоклассицзим;Исправное;Да;Кирпич, дерево;Подключено;https://www.citywalls.ru/house1969.html;0;0;0;0;1;0;1;1;0;1;1;1;0;1;1;0;0;1;1;1;1;1;1;1;1;1;1;1;1;0;0;1;0;1;1;0;0;1;1;1;1;0,333333333;0,666666667;1;0,705882353;2,71;средний;;
43;18;Школа;г. Санкт-Петербург, Исполкомская ул., 25;59.929375, 30.382119;Ж;ОЗРЗ-2;4071;3963;1321;606;1937;2009;административная;Комитет по транспорту;880;Федосеев Ф.П.;Сталинский неоклассицзим;Исправное;Нет;Кирпич, дерево;Подключено;https://www.citywalls.ru/house4514.html;0;0;0;0;1;1;1;1;0;1;1;1;0;1;1;0;0;1;1;1;1;1;1;1;1;0;0;1;1;0;1;0;0;1;1;0;0;1;1;1;1;0,444444444;0,666666667;1;0,588235294;2,70;средний;;
33;19;Школа;г. Санкт-Петербург, Киевская ул., 28;59.903882, 30.331202;Д;;6846;4640;928;53;1936;2013;административная;Городской мониторинговый центр;880;Типовой проект, тип ША, арх-ры Асс Л. Е., Гинцберг А. С;Сталинский неоклассицзим;Исправное;Нет;Кирпич, железобетон, металл;Подключено;https://www.citywalls.ru/house24498.html;0;1;0;0;1;1;1;1;0;0;1;1;0;1;1;1;1;1;1;1;0;1;1;1;1;0;1;1;1;0;0;0;0;1;0;0;0;1;1;0;1;0,555555556;0,777777778;0,833333333;0,470588235;2,64;средний;;
3;20;"Школа жилмассива завода ""Электросила""";г. Санкт-Петербург, улица Решетникова, дом 15, литера А;59.878798, 30.329783;Ж;;12137;26064;6516;448;1930;1948;офисная;58-й Центральный проектный институт;1250;Индивидуальный проект, Дадин Г.И.;Конструктивизм;Исправное;Нет;Кирпич, дерево, металл;Подключено;https://www.citywalls.ru/house11192.html;0;0;0;0;0;1;1;0;0;1;1;1;0;1;1;1;1;1;1;1;1;1;1;1;1;1;1;1;0;0;0;0;0;0;0;1;0;1;1;1;0;0,222222222;0,888888889;1;0,470588235;2,58;средний;;
49;21;Школа N256;г. Санкт-Петербург, Вознесенский пр,  34Н;59.925552, 30.308789;Ж;ООЗ;2652;3988;997;35;1938;2007;административная;Центр оценки качества образования;440;;Сталинский неоклассицзим;Исправное;Нет;Кирпич, железобетон, металл;Подключено;https://www.citywalls.ru/house17618.html;0;0;0;0;1;1;1;1;0;1;1;1;0;1;1;0;0;1;1;1;1;1;1;1;1;0;1;1;1;0;0;0;0;1;1;0;0;0;1;1;0;0,444444444;0,666666667;1;0,470588235;2,58;средний;;
21;22;Школа;г. Санкт-Петербург, пр. Металлистов, 96;59.968750, 30.404909;Ж;;9975;3308;827;0;1930;1973;производственная;Завод медицинской оптики;880;Типовой проект, тип ША, арх-ры Асс Л. Е., Гинцберг А. С;Сталинский неоклассицзим;Исправное;Нет;Кирпич, железобетон, металл;Подключено;https://www.citywalls.ru/house25162.html;0;1;1;1;0;1;1;0;1;0;1;1;0;1;0;1;1;1;1;1;0;1;1;1;1;1;0;1;0;0;0;0;0;1;0;0;0;1;1;1;0;0,666666667;0,666666667;0,833333333;0,411764706;2,58;средний;;
51;23;Школа N35;г. Санкт-Петербург, Константиновский пр,  11;59.972627, 30.271653;Д;ОЗРЗ-2;3211;3333;1111;1048;1936;1977;офисная;Офисное здание;880;Типовой проект Федосеев Ф.П.;Сталинский неоклассицзим;Исправное;Нет;Кирпич, железобетон, металл;Подключено;https://www.citywalls.ru/house16808.html;0;0;0;0;0;1;1;0;0;1;1;1;1;1;1;0;0;1;1;1;1;1;1;1;1;1;1;1;1;0;0;0;0;1;0;0;0;1;1;1;0;0,222222222;0,777777778;1;0,529411765;2,53;средний;;
46;24;Школа;г. Санкт-Петербург, Петрозаводская ул., 12;59.963705, 30.290176;Д;ОЗРЗ-2;1499;4012;1003;191;1937;1988;административная;Административное здание;880;Типовой проект, тип ША, арх-ры Асс Л. Е., Гинцберг А. С;Сталинский неоклассицзим;Исправное;Нет;Кирпич, железобетон, металл;Подключено;https://www.citywalls.ru/house9328.html;0;0;0;0;1;1;1;1;0;1;1;1;0;1;1;0;0;1;1;1;1;1;1;1;1;0;1;1;0;0;0;0;0;1;0;0;0;1;1;1;0;0,444444444;0,666666667;1;0,411764706;2,52;средний;;
48;25;Школа;г. Санкт-Петербург, ул. 2-я Советская,  3;59.932879, 30.364557;Д;ОЗРЗ-1;2805;4904;1226;0;1936;1988;административная;Управление по борьбе с наркотиками;440;Карлюк Н.А.;;Исправное;Нет;Кирпич, железобетон, металл;Подключено;https://www.citywalls.ru/house3425.html;0;0;0;0;1;1;1;1;0;1;1;1;0;1;1;0;0;1;1;1;1;1;1;1;1;0;1;0;1;0;0;0;0;1;0;0;0;1;1;0;1;0,444444444;0,666666667;1;0,411764706;2,52;средний;;
62;26;Школа N494;г. Санкт-Петербург, Трамвайный пр., 23к1;59.853826, 30.274743;Ж;;5791;4080;1020;1000;1957;1988;административная;Налоговая служба;440;Типовой проект 4992 Евдокимов С.И.;Сталинский неоклассицзим;Исправное;Нет;Кирпич, железобетон, металл;Подключено;https://www.citywalls.ru/house13975.html;0;1;1;1;1;1;1;1;0;1;1;0;0;1;1;1;1;1;1;1;0;1;1;0;1;0;0;1;0;0;0;0;0;1;0;0;0;1;1;0;0;0,777777778;0,777777778;0,666666667;0,294117647;2,52;средний;;
39;27;Школа;г. Санкт-Петербург, пр. Обуховской Обороны, 287к1;59.848647, 30.481302;Ж;;12988;4335;1445;7745;1936;2011;жилая;Жилой дом;440;Типовой проект Асс Л.Е., Гинберг А.С.;Сталинский неоклассицзим;Работоспособное;Нет;Кирпич, железобетон, металл;Подключено;https://www.citywalls.ru/house16563.html;0;1;0;0;1;1;1;0;0;0;0;1;1;1;1;0;0;1;1;1;1;1;1;1;1;0;0;1;1;0;0;0;0;1;0;0;0;1;1;1;1;0,444444444;0,555555556;1;0,470588235;2,47;средний;;
58;28;Школа ФЗУ Балтийского завода;г. Санкт-Петербург, Большой прос пект ВО, 78;59.930678, 30.254980;Д;ОЗРЗ-2;2526;12630;2526;0;1951;1978;жилая;Жилой дом;1600;Хазанов В.В., Саркисов М.И.;Сталинский неоклассицзим;Исправное;Нет;Кирпич, дерево;Подключено;https://www.citywalls.ru/house4641.html;0;0;0;0;1;1;1;0;0;0;0;1;0;1;1;0;0;1;1;1;1;1;1;1;1;1;1;1;1;1;0;0;0;0;0;0;1;1;1;1;1;0,333333333;0,444444444;1;0,647058824;2,42;средний;;
31;29;Школа N19 ;г. Санкт-Петербург, наб. к. Грибоедова, 126;59.920848, 30.295485;Д;ООЗ;2092;3784;946;30;1936;1965;офисная;Офисный центр;400;Васильковский С.В., Зимичев М.И.;Сталинский неоклассицзим;Исправное;Нет;Кирпич, дерево;Подключено;https://www.citywalls.ru/house2880.html;0;0;0;0;0;1;1;0;0;1;1;1;0;1;1;0;0;1;1;1;1;1;1;1;1;0;1;1;1;1;0;0;0;0;0;0;0;1;1;1;1;0,222222222;0,666666667;1;0,529411765;2,42;средний;;
57;30;Школа;г. Санкт-Петербург, Лисий нос, Александровская ул., 2;60.012935, 30.016487;И;;2998;1827;609;232;1951;2017;административная;Административное здание;200;;Сталинский неоклассицзим;Работоспособное;Нет;Кирпич, дерево;Подключено;https://www.citywalls.ru/house27769.html;0;1;1;1;1;1;0;1;1;0;1;1;0;1;0;0;0;1;1;1;0;1;1;1;1;0;0;1;0;0;0;0;0;1;0;0;0;0;1;1;1;0,777777778;0,444444444;0,833333333;0,352941176;2,41;средний;;
17;31;Школа № 9 Василеостровского района (Доходный дом Фрикке);г. Санкт-Петербург, 10-я линия ВО, 53;59.946396, 30.268581;Д;ОЗРЗ-2;1871;2450;1225;234;1940;1965;производственная;Мастерские;200;;;Исправное;Нет;Кирпич, железобетон, металл;Подключено;https://www.citywalls.ru/house425.html;0;0;0;0;0;1;1;0;0;1;1;1;0;1;1;0;0;1;1;1;1;1;1;1;1;1;1;0;1;0;0;0;0;0;1;0;0;0;1;1;1;0,222222222;0,666666667;1;0,470588235;2,36;средний;;
50;32;Школа;г. Санкт-Петербург, Заневский пр,  59к1;59.931138, 30.425552;ЖЗ;;1104;1548;516;0;1938;1970;производственная;Технический центр;440;;Сталинский неоклассицзим;Исправное;Нет;Кирпич, железобетон, металл;Подключено;https://www.citywalls.ru/house24066.html;0;0;0;0;0;1;1;0;0;0;0;1;0;1;1;1;1;1;1;1;1;1;1;1;1;1;1;1;0;0;0;0;0;1;0;0;0;0;1;1;1;0,222222222;0,666666667;1;0,470588235;2,36;средний;;
66;33;Школа N502;г. Санкт-Петербург, Ветеранов пр., 131;59.835383, 30.157423;Ж;;4509;2696;1348;85;1959;1974;административная;Отдел ЗАГС;200;;Сталинский неоклассицзим;Подключено;Подключено;Подключено;Подключено;https://www.citywalls.ru/house15376.html;0;1;1;1;1;1;0;1;1;1;0;1;0;1;1;1;1;0;1;0;1;1;0;1;0;0;0;1;0;1;0;0;0;0;0;0;0;0;1;1;0;0,777777778;0,666666667;0,666666667;0,235294118;2,35;средний;;
7;34;Школа ;г. Санкт-Петербург, улица Ольминского, дом 13, литера А;59.899239, 30.421618;ОД;;14202;9900,9;3905;3636;1936;2023;;Не используется;880;Типовой проект, Гинцберг А.С., Асс Л.Е.;;Аварийное ;Нет;Кирпич, -, -;Частично подключено;https://www.citywalls.ru/house13202.html;0;1;0;0;0;1;1;0;0;0;0;1;1;1;1;1;1;0;1;1;1;0;0;1;1;1;1;0;1;1;0;0;0;1;1;0;0;1;1;1;1;0,333333333;0,666666667;0,666666667;0,647058824;2,31;средний;;
53;35;Школа N18;г. Санкт-Петербург, Автовская ул.,  16;59.868957, 30.268940;ЖЗ;ЗРЗ;2582;3944;986;1263;1939;1982;офисная;Офисный центр;880;Типовой проект, тип I, арх-ры Асс Л. Е., Гинцберг А. С;Сталинский неоклассицзим;Ограниченно работоспособное;Нет;Кирпич, дерево;Подключено;https://www.citywalls.ru/house11827.html;0;0;0;0;0;1;1;0;0;1;1;1;1;1;1;0;0;0;1;1;1;1;0;1;1;0;1;1;1;1;0;0;0;1;1;0;0;1;1;1;0;0,222222222;0,666666667;0,833333333;0,588235294;2,31;средний;;
5;36;Школа N 387 Кировcкого района ;г. Санкт-Петербург, муниципальный округ Нарвский округ, Турбинная улица, дом 50, строение 1;59.887277, 30.265724;ОД;ЗРЗ;6122;3409,2;2053,8;1137;1936;1992;административная;Центр образования N 162 Кировского района;880;"Институт ""Ленпроект"", 6 мастерская, Троцкий Н. А., Мартынов А. С.";-;Исправное;Да;Кирпич, железобетон, металл;Подключено;https://www.citywalls.ru/house5201.html;0;0;0;0;1;1;1;1;0;1;0;1;0;1;1;0;0;1;1;1;1;1;1;0;1;0;0;1;0;0;0;1;0;1;0;0;0;1;1;1;1;0,444444444;0,555555556;0,833333333;0,470588235;2,30;средний;;
25;37;Школа;г. Санкт-Петербург, ул. Чехова, 15;59.938324, 30.353220;ЖЗ;ОЗРЗ-1;1358;2328;582;0;1937;2009;административная;Отдел милиции;400;;Сталинский неоклассицзим;Исправное;Нет;Кирпич, железобетон, дерево;Подключено;https://www.citywalls.ru/house8439.html;0;0;0;0;1;1;1;1;0;1;1;0;0;1;1;0;0;1;1;1;0;1;1;1;1;0;1;1;1;0;0;0;0;1;0;0;0;0;1;1;1;0,444444444;0,555555556;0,833333333;0,470588235;2,30;средний;;
12;38;Школа;г. Санкт-Петербург, Волхонское шоссе, 48;59.848375, 30.018660;Р;;14795;1935;645;10000;1917;1971;;Не используется;200;;;Ограниченно работоспособное;Нет;Дерево;Подключено;https://www.citywalls.ru/house34983.html;1;1;1;1;0;1;0;0;0;1;1;1;1;1;0;1;0;0;1;0;1;1;0;1;1;0;1;0;0;0;0;0;0;1;0;0;1;0;1;1;1;0,555555556;0,666666667;0,666666667;0,411764706;2,30;средний;;
23;39;Школа. Флигель;г. Санкт-Петербург, ул. Новоселов, 11;59.881927, 30.457595;Ж;;2645;2942;1471;264;1934;2011;офисная;Магазин автозапчастей;400;;Констуктивизм;Исправное;Нет;Кирпич, железобетон, металл;Подключено;https://www.citywalls.ru/house19536.html;0;0;0;0;0;1;0;0;0;1;1;1;0;1;0;1;1;1;1;1;1;1;1;1;1;0;0;1;0;1;0;0;0;1;0;0;0;0;1;1;1;0,111111111;0,777777778;1;0,411764706;2,30;средний;;
40;40;Школа;г. Санкт-Петербург, Пушкин, Оранжерейная ул., 42;59.724841, 30.413740;Ж;ЗРЗ;3234;4185;1395;1000;1936;1950;жилая;Жилой дом;440;;;Исправное;Да;Кирпич, железобетон, металл;Подключено;https://www.citywalls.ru/house20576.html;0;0;0;0;1;1;0;0;0;1;1;1;1;1;0;0;0;1;1;1;1;1;1;1;1;0;1;0;0;1;0;1;1;0;0;0;0;0;1;1;0;0,222222222;0,666666667;1;0,411764706;2,30;средний;;
2;41;Школа № 371 ;г. Санкт-Петербург, ул. Севастьянова, дом 13;59.876423, 30.329828;Ж;ЗРЗ;3617;3969;1323;299;1936;1992;офисная;Офисный центр;440;Типовой проект;;Исправное;Да;Шлакобетон, бетон, металл;Подключено;https://www.citywalls.ru/house11195.html;0;0;0;0;0;1;1;0;0;1;1;0;0;1;1;1;0;1;1;1;0;1;1;1;1;0;0;0;0;1;1;1;0;1;0;0;0;1;1;1;1;0,222222222;0,666666667;0,833333333;0,529411765;2,25;средний;;
10;42;Школа ФЗУ совместно с Институтом коммунального хозяйства ;г. Санкт-Петербург, улица Савушкина, дом 7, литера А;59.986452, 30.297614;Ж;ОЗРЗ-2;2487;4347;1449;0;1937;1988;офисная;Бизнес-центр;880;Типовой проект, Гинцберг А.С., Асс Л.Е.;;Работоспособное;Нет;Кирпич, железобетон, металл;Подключено;https://www.citywalls.ru/house15989.html;0;0;0;0;0;1;1;0;0;1;0;1;0;1;1;0;1;1;1;1;0;1;1;1;1;0;0;0;1;1;0;0;0;1;1;0;0;1;1;1;1;0,222222222;0,666666667;0,833333333;0,529411765;2,25;средний;;
9;43;Школа;г. Санкт-Петербург, проспект Обуховской Обороны, дом 287, корпус 1, литера А;59.848647, 30.481302;Ж;;4403;3753;1251;2866;1936;2011;жилая;Жилой дом;880;Типовой проект, Гинцберг А.С., Асс Л.Е.;Сталинский неоклассицзим;Ограниченно работоспособное;Нет;Кирпич, дерево, металл;Частично подключено;https://www.citywalls.ru/house16563.html?s=4cupho2ti146639rji6lvgg2tc;0;0;0;0;1;1;1;0;0;0;0;1;1;1;0;1;1;0;1;1;1;0;0;1;1;1;1;1;1;0;0;0;0;1;1;0;0;1;1;1;1;0,333333333;0,555555556;0,666666667;0,647058824;2,20;средний;;
20;44;Школа;г. Санкт-Петербург, Парголово, ул. Ломоносова, 90;60.078217, 30.289080;Ж;ЗРЗ;2877;680;340;2407;1934;1986;административная;Отдел милиции;200;;;Исправное;Нет;Дерево;Подключено;https://www.citywalls.ru/house20654.html;0;0;0;0;1;1;0;1;0;1;1;1;1;1;0;0;0;1;1;0;1;1;1;1;1;0;0;0;0;0;0;0;0;1;1;0;1;0;1;1;0;0,333333333;0,666666667;0,833333333;0,352941176;2,19;средний;;
6;45;Школа № 304 Фрунзенского района;г. Санкт-Петербург, улица Черняховского, дом 17, литера А;59.916816, 30.358601;Ж;ОЗРЗ-2;1431;2890;1156;0;1937;2009;административная;Объединенный архив Комитета по образованию;880;"Институт ""Ленпроект"", 6 мастерская, Троцкий Н. А., Мартынов А. С.";Сталинский неоклассицзим;Ограниченно работоспособное;Да;Кирпич, железобетон, металл;Подключено;https://www.citywalls.ru/house13119.html;0;0;0;0;1;1;1;1;0;0;1;0;0;1;1;0;1;0;1;1;0;1;0;1;1;1;1;1;0;0;0;1;1;1;0;0;0;1;1;1;0;0,444444444;0,444444444;0,666666667;0,588235294;2,14;средний;;
42;46;Школа;г. Санкт-Петербург, ул. Зои Космодемьянской, 31;59.892694, 30.259382;Д;;3179;2028;676;;1935;2002;административная;Центр информационной культуры;400;Суслова О.В., Модзалевский А.В.;Сталинский неоклассицзим;Исправное;Нет;Кирпич, дерево;Подключено;https://www.citywalls.ru/house12736.html;0;;;;1;1;1;1;;0;0;0;;1;1;0;0;1;1;1;0;1;1;1;1;0;1;1;0;0;0;0;0;1;0;0;0;1;1;1;0;0,444444444;0,333333333;0,833333333;0,411764706;2,02;средний;;
65;47;Школа;г. Санкт-Петербург, Константиновский пр., 11А;59.972523, 30.273171;Д;;1620;3964;991;0;1959;1990;жилая;Гостиница;400;Типовой проект 2-528КП-Ш2;;Исправное;Нет;Кирпич, железобетон, металл;Подключено;https://www.citywalls.ru/house16807.html;0;0;0;0;1;1;1;0;0;0;0;1;0;1;1;0;0;1;1;1;1;1;1;1;0;0;0;0;0;0;0;0;0;1;0;0;0;1;1;1;0;0,333333333;0,444444444;1;0,235294118;2,01;средний;;
60;48;Школа N32;г. Санкт-Петербург, Сердобольская ул., 7;59.993293, 30.323737;Ж;;3713;4205;841;6;1937;2022;офисная;Офисное здание;440;;Сталинский неоклассицзим;Исправное;Нет;Кирпич, железобетон, металл;Подключено;https://www.citywalls.ru/house25006.html;0;1;0;0;0;1;1;0;0;0;0;1;0;1;1;0;0;1;1;1;0;1;1;1;1;0;0;1;0;0;0;0;0;1;0;0;0;0;1;0;1;0,333333333;0,444444444;0,833333333;0,294117647;1,91;низкий;;
26;49;Школа;г. Санкт-Петербург, ул. Хвойная, 5;59.998547, 30.148706;Ж;ЗРЗ;4552;1310;655;3865;1932;1973;производственная;Производственный цех;100;;;Работоспособное;Нет;Дерево, кирич;Частично подключено;https://www.citywalls.ru/house14322.html;0;0;0;0;0;1;0;0;0;1;1;1;1;1;0;0;0;1;1;0;1;0;1;1;1;0;0;0;0;0;0;0;1;1;0;1;1;0;1;1;0;0,111111111;0,666666667;0,666666667;0,411764706;1,86;низкий;;
64;50;Школа;г. Санкт-Петербург, Баррикадная ул., 1;59.895989, 30.258672;Д;;4663;3192;1596;846;1960;1973;офисная;Офисный центр;880;Типовой проект 2ЛГ-02-2;;Исправное;Нет;Кирпич, железобетон, металл;Подключено;https://www.citywalls.ru/house3991.html;0;0;0;0;0;1;0;0;0;1;1;1;0;1;1;0;0;1;1;1;1;1;1;0;0;0;0;0;0;0;0;0;0;0;0;0;0;1;1;1;1;0,111111111;0,666666667;0,833333333;0,235294118;1,85;низкий;;
32;51;Школа;г. Санкт-Петербург, наб. Карповки, 5к16;59.968525, 30.316039;Д;ОЗРЗ-2;806;3450;690;0;1936;2000;офисная;Офисный центр;200;;Сталинский неоклассицзим;Исправное;Нет;Кирпич, железобетон, металл;Подключено;https://www.citywalls.ru/house15497.html;0;0;0;0;0;1;0;0;0;1;1;0;0;1;1;0;0;1;0;1;0;1;1;1;1;0;1;1;0;0;0;0;0;1;0;1;0;0;1;1;0;0,111111111;0,555555556;0,666666667;0,411764706;1,75;низкий;;
19;52;Школа № 38 ;г. Санкт-Петербург, 3-я линия ВО, 62;59.948888, 30.278103;Д;ОЗРЗ-1;;13622;1946;0;1940;1976;производственная;Кондитерская фабрика;880;;Сталинский неоклассицзим;Исправное;Нет;Кирпич, железобетон, металл;Подключено;https://www.citywalls.ru/house10922.html;;;;;0;1;1;0;;1;1;0;;1;1;0;0;1;1;1;0;1;1;0;1;0;0;1;0;0;0;0;0;1;0;0;0;0;1;0;1;0,222222222;0,555555556;0,666666667;0,294117647;1,74;низкий;;
13;53;Школа;г. Санкт-Петербург, г. Пушкин, ул. Гусарская, 9;59.698666, 30.393693;Д;ОЗ;1607;2916;729;0;1957;2011;жилая;Жилой дом;400;;;Работоспособное;Нет;Кирпич, железобетон, металл;Подключено;https://www.citywalls.ru/house22001.html;0;0;0;0;1;1;0;0;0;1;1;0;0;1;0;0;0;1;1;1;1;1;1;0;1;0;0;0;0;1;0;0;0;1;0;0;0;0;0;0;1;0,222222222;0,444444444;0,833333333;0,235294118;1,74;низкий;;
35;54;Школа;г. Санкт-Петербург, Коломенская ул., 4а;59.925809, 30.356310;ЖЗ;ОЗРЗ-1;2094;4084;1021;0;1934;1950;административная;Административное здание;880;;Сталинский неоклассицзим;Работоспособное;;Кирпич, железобетон, металл;Подключено;https://www.citywalls.ru/house21947.html;0;0;0;0;1;1;0;1;0;1;1;0;0;1;1;0;0;1;0;1;0;1;1;1;1;0;0;1;0;0;0;0;0;0;0;0;0;0;1;0;0;0,333333333;0,555555556;0,666666667;0,176470588;1,73;низкий;;
11;55;Школа N 137 ;г. Санкт-Петербург, ул. Братская, 26х;59.977134, 30.528365;П;;5490;110;55;5380;1946;1973;;Не используется;30;;;Аварийное ;Нет;Дерево, кирпич;Частично подключено;https://www.citywalls.ru/house18737.html;1;0;0;0;0;1;0;0;0;0;0;1;1;0;0;1;1;0;1;1;1;0;0;0;1;0;0;0;0;0;0;0;0;0;0;0;1;0;1;0;0;0,222222222;0,444444444;0,5;0,176470588;1,34;низкий;;
59;56;Школа N318;г. Санкт-Петербург, Подъезной пер, 12;59.918467, 30.333816;Д;ОЗРЗ-1;2040;10584;1512;0;1952;2010;;Снесено;880;Асс Л.Е., Гинцберг А.С.;Сталинский неоклассицзим;;;;;https://www.citywalls.ru/house4266.html;0;0;0;0;0;1;0;0;0;0;0;1;0;1;1;0;0;0;1;0;1;0;0;0;1;0;0;1;0;0;0;0;0;1;0;0;0;1;1;0;1;0,111111111;0,333333333;0,333333333;0,352941176;1,13;низкий;;
28;57;Школа;г. Санкт-Петербург, ул. Савушкина, 71к2;59.984557, 30.262463;;;;;;;1934;2000;;Снесено;;Мунц В. О., Гинцберг А.С., Суслова О.В.;Сталинский неоклассицзим;Аварийное ;Нет;Кирпич;;https://www.citywalls.ru/house20722.html;;;;;0;;;0;;;;;;0;;;;0;;1;;0;0;;1;;;1;;;;0;;1;;;;1;1;;;0;0;0,166666667;0,294117647;0,46;очень низкий;;
22;58;Школа на правом берегу Невы;г. Санкт-Петербург, ул. Новоселов, 11;59.881927, 30.457595;;;;;;;1934;2011;;Снесено;580;В.О. Мунц, Л.Е. Асс, Л.С. Гинсберг;Констуктивизм;;;;;https://www.citywalls.ru/house22725.html;;;;;0;;;0;;;;;;0;;;;0;;0;;0;0;;1;;;1;;;;0;;1;;;;1;1;;;0;0;0;0,294117647;0,29;очень низкий;;
27;59;Школа;г. Санкт-Петербург, Малый пр. ВО, 54к2;59.941781, 30.257540;;;;;;;1934;2018;;Снесено;880;Типовой проект, тип ША, арх-ры Асс Л. Е., Гинцберг А. С;Сталинский неоклассицзим;;;;;https://www.citywalls.ru/house14028.html;;;;;0;;;0;;;;;;0;;;;0;;0;;0;0;;1;;;1;;;;0;;1;;;;1;1;;;0;0;0;0,294117647;0,29;очень низкий;;
18;60;Школа ФЗУ учебно-строительного комбината;г. Санкт-Петербург, 13-я линия ВО, 6;59.934970, 30.277016;;;;;;;1932;2004;;Снесено;;;Констуктивизм;;;;;https://www.citywalls.ru/house26915.html;;;;;0;;;0;;;;;;0;;;;0;;0;;0;0;;1;;;1;;;;0;;1;;;;0;1;;;0;0;0;0,235294118;0,24;очень низкий;;
29;61;Школа N6 Московского района;г. Санкт-Петербург, ул. Смоленская, 14;59.904906, 30.322956;;;;;;;1935;2009;;Снесено;;;Сталинский неоклассицзим;;;;;https://www.citywalls.ru/house9834.html;;;;;0;;;0;;;;;;0;;;;0;;0;;0;0;;1;;;1;;;;0;;1;;;;0;1;;;0;0;0;0,235294118;0,24;очень низкий;;
36;62;Школа;г. Санкт-Петербург, Корпусная ул., 22;59.962908, 30.283735;;;;;;;1935;2013;;Снесено;;Мунц О. Р., Виноградов А.Н.;;;;;;https://www.citywalls.ru/house10941.html;;;;;0;;;0;;;;;;0;;;;0;;0;;0;0;;1;;;0;;;;0;;1;;;;1;1;;;0;0;0;0,235294118;0,24;очень низкий;;
14;63;Морская школа;г. Санкт-Петербург, Двинская ул., 6;59.908868, 30.253040;;;;;;;1950;2020;;Снесено;;;;;;;;https://www.citywalls.ru/house3895.html;;;;;0;;;0;;;;;;0;;;;0;;0;;0;0;;1;;;0;;;;0;;1;;;;0;1;;;0;0;0;0,176470588;0,18;очень низкий;;
15;64;Школа № 348 ;г. Санкт-Петербург, Караваевская ул., 36;59.831544, 30.513821;;;;;;;1952;1986;;Снесено;;;;;;;;https://www.citywalls.ru/house29870.html;;;;;0;;;0;;;;;;0;;;;0;;0;;0;0;;1;;;0;;;;0;;1;;;;0;1;;;0;0;0;0,176470588;0,18;очень низкий;;
16;65;Школа Санкт-Петербургского уездного земства;г. Санкт-Петербург, ул. Красина, 4х;59.966498, 30.486063;;;;;;;1930;1980;;Снесено;;;;;;;;https://www.citywalls.ru/house32777.html;;;;;0;;;0;;;;;;0;;;;0;;0;;0;0;;1;;;0;;;;0;;1;;;;0;1;;;0;0;0;0,176470588;0,18;очень низкий;;
41;66;Школа N12;г. Санкт-Петербург, Цимбалина ул., 25;59.884654, 30.426846;;;;;;;1936;2014;;Снесено;;;;;;;;https://www.citywalls.ru/house9035.html;;;;;0;;;0;;;;;;0;;;;0;;0;;0;0;;1;;;0;;;;0;;1;;;;0;1;;;0;0;0;0,176470588;0,18;очень низкий;;
